# id	prompt_file	continuation_file	response_file
case_000	/tmp/qwen38-bf16-local-100/prompts/case_000.txt	/tmp/qwen38-bf16-local-100/continuations/case_000.txt	/tmp/qwen38-bf16-local-100/responses/case_000.json
case_001	/tmp/qwen38-bf16-local-100/prompts/case_001.txt	/tmp/qwen38-bf16-local-100/continuations/case_001.txt	/tmp/qwen38-bf16-local-100/responses/case_001.json
case_002	/tmp/qwen38-bf16-local-100/prompts/case_002.txt	/tmp/qwen38-bf16-local-100/continuations/case_002.txt	/tmp/qwen38-bf16-local-100/responses/case_002.json
case_003	/tmp/qwen38-bf16-local-100/prompts/case_003.txt	/tmp/qwen38-bf16-local-100/continuations/case_003.txt	/tmp/qwen38-bf16-local-100/responses/case_003.json
case_004	/tmp/qwen38-bf16-local-100/prompts/case_004.txt	/tmp/qwen38-bf16-local-100/continuations/case_004.txt	/tmp/qwen38-bf16-local-100/responses/case_004.json
case_005	/tmp/qwen38-bf16-local-100/prompts/case_005.txt	/tmp/qwen38-bf16-local-100/continuations/case_005.txt	/tmp/qwen38-bf16-local-100/responses/case_005.json
case_006	/tmp/qwen38-bf16-local-100/prompts/case_006.txt	/tmp/qwen38-bf16-local-100/continuations/case_006.txt	/tmp/qwen38-bf16-local-100/responses/case_006.json
case_007	/tmp/qwen38-bf16-local-100/prompts/case_007.txt	/tmp/qwen38-bf16-local-100/continuations/case_007.txt	/tmp/qwen38-bf16-local-100/responses/case_007.json
case_008	/tmp/qwen38-bf16-local-100/prompts/case_008.txt	/tmp/qwen38-bf16-local-100/continuations/case_008.txt	/tmp/qwen38-bf16-local-100/responses/case_008.json
case_009	/tmp/qwen38-bf16-local-100/prompts/case_009.txt	/tmp/qwen38-bf16-local-100/continuations/case_009.txt	/tmp/qwen38-bf16-local-100/responses/case_009.json
case_010	/tmp/qwen38-bf16-local-100/prompts/case_010.txt	/tmp/qwen38-bf16-local-100/continuations/case_010.txt	/tmp/qwen38-bf16-local-100/responses/case_010.json
case_011	/tmp/qwen38-bf16-local-100/prompts/case_011.txt	/tmp/qwen38-bf16-local-100/continuations/case_011.txt	/tmp/qwen38-bf16-local-100/responses/case_011.json
case_012	/tmp/qwen38-bf16-local-100/prompts/case_012.txt	/tmp/qwen38-bf16-local-100/continuations/case_012.txt	/tmp/qwen38-bf16-local-100/responses/case_012.json
case_013	/tmp/qwen38-bf16-local-100/prompts/case_013.txt	/tmp/qwen38-bf16-local-100/continuations/case_013.txt	/tmp/qwen38-bf16-local-100/responses/case_013.json
case_014	/tmp/qwen38-bf16-local-100/prompts/case_014.txt	/tmp/qwen38-bf16-local-100/continuations/case_014.txt	/tmp/qwen38-bf16-local-100/responses/case_014.json
case_015	/tmp/qwen38-bf16-local-100/prompts/case_015.txt	/tmp/qwen38-bf16-local-100/continuations/case_015.txt	/tmp/qwen38-bf16-local-100/responses/case_015.json
case_016	/tmp/qwen38-bf16-local-100/prompts/case_016.txt	/tmp/qwen38-bf16-local-100/continuations/case_016.txt	/tmp/qwen38-bf16-local-100/responses/case_016.json
case_017	/tmp/qwen38-bf16-local-100/prompts/case_017.txt	/tmp/qwen38-bf16-local-100/continuations/case_017.txt	/tmp/qwen38-bf16-local-100/responses/case_017.json
case_018	/tmp/qwen38-bf16-local-100/prompts/case_018.txt	/tmp/qwen38-bf16-local-100/continuations/case_018.txt	/tmp/qwen38-bf16-local-100/responses/case_018.json
case_019	/tmp/qwen38-bf16-local-100/prompts/case_019.txt	/tmp/qwen38-bf16-local-100/continuations/case_019.txt	/tmp/qwen38-bf16-local-100/responses/case_019.json
case_020	/tmp/qwen38-bf16-local-100/prompts/case_020.txt	/tmp/qwen38-bf16-local-100/continuations/case_020.txt	/tmp/qwen38-bf16-local-100/responses/case_020.json
case_021	/tmp/qwen38-bf16-local-100/prompts/case_021.txt	/tmp/qwen38-bf16-local-100/continuations/case_021.txt	/tmp/qwen38-bf16-local-100/responses/case_021.json
case_022	/tmp/qwen38-bf16-local-100/prompts/case_022.txt	/tmp/qwen38-bf16-local-100/continuations/case_022.txt	/tmp/qwen38-bf16-local-100/responses/case_022.json
case_023	/tmp/qwen38-bf16-local-100/prompts/case_023.txt	/tmp/qwen38-bf16-local-100/continuations/case_023.txt	/tmp/qwen38-bf16-local-100/responses/case_023.json
case_024	/tmp/qwen38-bf16-local-100/prompts/case_024.txt	/tmp/qwen38-bf16-local-100/continuations/case_024.txt	/tmp/qwen38-bf16-local-100/responses/case_024.json
case_025	/tmp/qwen38-bf16-local-100/prompts/case_025.txt	/tmp/qwen38-bf16-local-100/continuations/case_025.txt	/tmp/qwen38-bf16-local-100/responses/case_025.json
case_026	/tmp/qwen38-bf16-local-100/prompts/case_026.txt	/tmp/qwen38-bf16-local-100/continuations/case_026.txt	/tmp/qwen38-bf16-local-100/responses/case_026.json
case_027	/tmp/qwen38-bf16-local-100/prompts/case_027.txt	/tmp/qwen38-bf16-local-100/continuations/case_027.txt	/tmp/qwen38-bf16-local-100/responses/case_027.json
case_028	/tmp/qwen38-bf16-local-100/prompts/case_028.txt	/tmp/qwen38-bf16-local-100/continuations/case_028.txt	/tmp/qwen38-bf16-local-100/responses/case_028.json
case_029	/tmp/qwen38-bf16-local-100/prompts/case_029.txt	/tmp/qwen38-bf16-local-100/continuations/case_029.txt	/tmp/qwen38-bf16-local-100/responses/case_029.json
case_030	/tmp/qwen38-bf16-local-100/prompts/case_030.txt	/tmp/qwen38-bf16-local-100/continuations/case_030.txt	/tmp/qwen38-bf16-local-100/responses/case_030.json
case_031	/tmp/qwen38-bf16-local-100/prompts/case_031.txt	/tmp/qwen38-bf16-local-100/continuations/case_031.txt	/tmp/qwen38-bf16-local-100/responses/case_031.json
case_032	/tmp/qwen38-bf16-local-100/prompts/case_032.txt	/tmp/qwen38-bf16-local-100/continuations/case_032.txt	/tmp/qwen38-bf16-local-100/responses/case_032.json
case_033	/tmp/qwen38-bf16-local-100/prompts/case_033.txt	/tmp/qwen38-bf16-local-100/continuations/case_033.txt	/tmp/qwen38-bf16-local-100/responses/case_033.json
case_034	/tmp/qwen38-bf16-local-100/prompts/case_034.txt	/tmp/qwen38-bf16-local-100/continuations/case_034.txt	/tmp/qwen38-bf16-local-100/responses/case_034.json
case_035	/tmp/qwen38-bf16-local-100/prompts/case_035.txt	/tmp/qwen38-bf16-local-100/continuations/case_035.txt	/tmp/qwen38-bf16-local-100/responses/case_035.json
case_036	/tmp/qwen38-bf16-local-100/prompts/case_036.txt	/tmp/qwen38-bf16-local-100/continuations/case_036.txt	/tmp/qwen38-bf16-local-100/responses/case_036.json
case_037	/tmp/qwen38-bf16-local-100/prompts/case_037.txt	/tmp/qwen38-bf16-local-100/continuations/case_037.txt	/tmp/qwen38-bf16-local-100/responses/case_037.json
case_038	/tmp/qwen38-bf16-local-100/prompts/case_038.txt	/tmp/qwen38-bf16-local-100/continuations/case_038.txt	/tmp/qwen38-bf16-local-100/responses/case_038.json
case_039	/tmp/qwen38-bf16-local-100/prompts/case_039.txt	/tmp/qwen38-bf16-local-100/continuations/case_039.txt	/tmp/qwen38-bf16-local-100/responses/case_039.json
case_040	/tmp/qwen38-bf16-local-100/prompts/case_040.txt	/tmp/qwen38-bf16-local-100/continuations/case_040.txt	/tmp/qwen38-bf16-local-100/responses/case_040.json
case_041	/tmp/qwen38-bf16-local-100/prompts/case_041.txt	/tmp/qwen38-bf16-local-100/continuations/case_041.txt	/tmp/qwen38-bf16-local-100/responses/case_041.json
case_042	/tmp/qwen38-bf16-local-100/prompts/case_042.txt	/tmp/qwen38-bf16-local-100/continuations/case_042.txt	/tmp/qwen38-bf16-local-100/responses/case_042.json
case_043	/tmp/qwen38-bf16-local-100/prompts/case_043.txt	/tmp/qwen38-bf16-local-100/continuations/case_043.txt	/tmp/qwen38-bf16-local-100/responses/case_043.json
case_044	/tmp/qwen38-bf16-local-100/prompts/case_044.txt	/tmp/qwen38-bf16-local-100/continuations/case_044.txt	/tmp/qwen38-bf16-local-100/responses/case_044.json
case_045	/tmp/qwen38-bf16-local-100/prompts/case_045.txt	/tmp/qwen38-bf16-local-100/continuations/case_045.txt	/tmp/qwen38-bf16-local-100/responses/case_045.json
case_046	/tmp/qwen38-bf16-local-100/prompts/case_046.txt	/tmp/qwen38-bf16-local-100/continuations/case_046.txt	/tmp/qwen38-bf16-local-100/responses/case_046.json
case_047	/tmp/qwen38-bf16-local-100/prompts/case_047.txt	/tmp/qwen38-bf16-local-100/continuations/case_047.txt	/tmp/qwen38-bf16-local-100/responses/case_047.json
case_048	/tmp/qwen38-bf16-local-100/prompts/case_048.txt	/tmp/qwen38-bf16-local-100/continuations/case_048.txt	/tmp/qwen38-bf16-local-100/responses/case_048.json
case_049	/tmp/qwen38-bf16-local-100/prompts/case_049.txt	/tmp/qwen38-bf16-local-100/continuations/case_049.txt	/tmp/qwen38-bf16-local-100/responses/case_049.json
case_050	/tmp/qwen38-bf16-local-100/prompts/case_050.txt	/tmp/qwen38-bf16-local-100/continuations/case_050.txt	/tmp/qwen38-bf16-local-100/responses/case_050.json
case_051	/tmp/qwen38-bf16-local-100/prompts/case_051.txt	/tmp/qwen38-bf16-local-100/continuations/case_051.txt	/tmp/qwen38-bf16-local-100/responses/case_051.json
case_052	/tmp/qwen38-bf16-local-100/prompts/case_052.txt	/tmp/qwen38-bf16-local-100/continuations/case_052.txt	/tmp/qwen38-bf16-local-100/responses/case_052.json
case_053	/tmp/qwen38-bf16-local-100/prompts/case_053.txt	/tmp/qwen38-bf16-local-100/continuations/case_053.txt	/tmp/qwen38-bf16-local-100/responses/case_053.json
case_054	/tmp/qwen38-bf16-local-100/prompts/case_054.txt	/tmp/qwen38-bf16-local-100/continuations/case_054.txt	/tmp/qwen38-bf16-local-100/responses/case_054.json
case_055	/tmp/qwen38-bf16-local-100/prompts/case_055.txt	/tmp/qwen38-bf16-local-100/continuations/case_055.txt	/tmp/qwen38-bf16-local-100/responses/case_055.json
case_056	/tmp/qwen38-bf16-local-100/prompts/case_056.txt	/tmp/qwen38-bf16-local-100/continuations/case_056.txt	/tmp/qwen38-bf16-local-100/responses/case_056.json
case_057	/tmp/qwen38-bf16-local-100/prompts/case_057.txt	/tmp/qwen38-bf16-local-100/continuations/case_057.txt	/tmp/qwen38-bf16-local-100/responses/case_057.json
case_058	/tmp/qwen38-bf16-local-100/prompts/case_058.txt	/tmp/qwen38-bf16-local-100/continuations/case_058.txt	/tmp/qwen38-bf16-local-100/responses/case_058.json
case_059	/tmp/qwen38-bf16-local-100/prompts/case_059.txt	/tmp/qwen38-bf16-local-100/continuations/case_059.txt	/tmp/qwen38-bf16-local-100/responses/case_059.json
case_060	/tmp/qwen38-bf16-local-100/prompts/case_060.txt	/tmp/qwen38-bf16-local-100/continuations/case_060.txt	/tmp/qwen38-bf16-local-100/responses/case_060.json
case_061	/tmp/qwen38-bf16-local-100/prompts/case_061.txt	/tmp/qwen38-bf16-local-100/continuations/case_061.txt	/tmp/qwen38-bf16-local-100/responses/case_061.json
case_062	/tmp/qwen38-bf16-local-100/prompts/case_062.txt	/tmp/qwen38-bf16-local-100/continuations/case_062.txt	/tmp/qwen38-bf16-local-100/responses/case_062.json
case_063	/tmp/qwen38-bf16-local-100/prompts/case_063.txt	/tmp/qwen38-bf16-local-100/continuations/case_063.txt	/tmp/qwen38-bf16-local-100/responses/case_063.json
case_064	/tmp/qwen38-bf16-local-100/prompts/case_064.txt	/tmp/qwen38-bf16-local-100/continuations/case_064.txt	/tmp/qwen38-bf16-local-100/responses/case_064.json
case_065	/tmp/qwen38-bf16-local-100/prompts/case_065.txt	/tmp/qwen38-bf16-local-100/continuations/case_065.txt	/tmp/qwen38-bf16-local-100/responses/case_065.json
case_066	/tmp/qwen38-bf16-local-100/prompts/case_066.txt	/tmp/qwen38-bf16-local-100/continuations/case_066.txt	/tmp/qwen38-bf16-local-100/responses/case_066.json
case_067	/tmp/qwen38-bf16-local-100/prompts/case_067.txt	/tmp/qwen38-bf16-local-100/continuations/case_067.txt	/tmp/qwen38-bf16-local-100/responses/case_067.json
case_068	/tmp/qwen38-bf16-local-100/prompts/case_068.txt	/tmp/qwen38-bf16-local-100/continuations/case_068.txt	/tmp/qwen38-bf16-local-100/responses/case_068.json
case_069	/tmp/qwen38-bf16-local-100/prompts/case_069.txt	/tmp/qwen38-bf16-local-100/continuations/case_069.txt	/tmp/qwen38-bf16-local-100/responses/case_069.json
case_070	/tmp/qwen38-bf16-local-100/prompts/case_070.txt	/tmp/qwen38-bf16-local-100/continuations/case_070.txt	/tmp/qwen38-bf16-local-100/responses/case_070.json
case_071	/tmp/qwen38-bf16-local-100/prompts/case_071.txt	/tmp/qwen38-bf16-local-100/continuations/case_071.txt	/tmp/qwen38-bf16-local-100/responses/case_071.json
case_072	/tmp/qwen38-bf16-local-100/prompts/case_072.txt	/tmp/qwen38-bf16-local-100/continuations/case_072.txt	/tmp/qwen38-bf16-local-100/responses/case_072.json
case_073	/tmp/qwen38-bf16-local-100/prompts/case_073.txt	/tmp/qwen38-bf16-local-100/continuations/case_073.txt	/tmp/qwen38-bf16-local-100/responses/case_073.json
case_074	/tmp/qwen38-bf16-local-100/prompts/case_074.txt	/tmp/qwen38-bf16-local-100/continuations/case_074.txt	/tmp/qwen38-bf16-local-100/responses/case_074.json
case_075	/tmp/qwen38-bf16-local-100/prompts/case_075.txt	/tmp/qwen38-bf16-local-100/continuations/case_075.txt	/tmp/qwen38-bf16-local-100/responses/case_075.json
case_076	/tmp/qwen38-bf16-local-100/prompts/case_076.txt	/tmp/qwen38-bf16-local-100/continuations/case_076.txt	/tmp/qwen38-bf16-local-100/responses/case_076.json
case_077	/tmp/qwen38-bf16-local-100/prompts/case_077.txt	/tmp/qwen38-bf16-local-100/continuations/case_077.txt	/tmp/qwen38-bf16-local-100/responses/case_077.json
case_078	/tmp/qwen38-bf16-local-100/prompts/case_078.txt	/tmp/qwen38-bf16-local-100/continuations/case_078.txt	/tmp/qwen38-bf16-local-100/responses/case_078.json
case_079	/tmp/qwen38-bf16-local-100/prompts/case_079.txt	/tmp/qwen38-bf16-local-100/continuations/case_079.txt	/tmp/qwen38-bf16-local-100/responses/case_079.json
case_080	/tmp/qwen38-bf16-local-100/prompts/case_080.txt	/tmp/qwen38-bf16-local-100/continuations/case_080.txt	/tmp/qwen38-bf16-local-100/responses/case_080.json
case_081	/tmp/qwen38-bf16-local-100/prompts/case_081.txt	/tmp/qwen38-bf16-local-100/continuations/case_081.txt	/tmp/qwen38-bf16-local-100/responses/case_081.json
case_082	/tmp/qwen38-bf16-local-100/prompts/case_082.txt	/tmp/qwen38-bf16-local-100/continuations/case_082.txt	/tmp/qwen38-bf16-local-100/responses/case_082.json
case_083	/tmp/qwen38-bf16-local-100/prompts/case_083.txt	/tmp/qwen38-bf16-local-100/continuations/case_083.txt	/tmp/qwen38-bf16-local-100/responses/case_083.json
case_084	/tmp/qwen38-bf16-local-100/prompts/case_084.txt	/tmp/qwen38-bf16-local-100/continuations/case_084.txt	/tmp/qwen38-bf16-local-100/responses/case_084.json
case_085	/tmp/qwen38-bf16-local-100/prompts/case_085.txt	/tmp/qwen38-bf16-local-100/continuations/case_085.txt	/tmp/qwen38-bf16-local-100/responses/case_085.json
case_086	/tmp/qwen38-bf16-local-100/prompts/case_086.txt	/tmp/qwen38-bf16-local-100/continuations/case_086.txt	/tmp/qwen38-bf16-local-100/responses/case_086.json
case_087	/tmp/qwen38-bf16-local-100/prompts/case_087.txt	/tmp/qwen38-bf16-local-100/continuations/case_087.txt	/tmp/qwen38-bf16-local-100/responses/case_087.json
case_088	/tmp/qwen38-bf16-local-100/prompts/case_088.txt	/tmp/qwen38-bf16-local-100/continuations/case_088.txt	/tmp/qwen38-bf16-local-100/responses/case_088.json
case_089	/tmp/qwen38-bf16-local-100/prompts/case_089.txt	/tmp/qwen38-bf16-local-100/continuations/case_089.txt	/tmp/qwen38-bf16-local-100/responses/case_089.json
case_090	/tmp/qwen38-bf16-local-100/prompts/case_090.txt	/tmp/qwen38-bf16-local-100/continuations/case_090.txt	/tmp/qwen38-bf16-local-100/responses/case_090.json
case_091	/tmp/qwen38-bf16-local-100/prompts/case_091.txt	/tmp/qwen38-bf16-local-100/continuations/case_091.txt	/tmp/qwen38-bf16-local-100/responses/case_091.json
case_092	/tmp/qwen38-bf16-local-100/prompts/case_092.txt	/tmp/qwen38-bf16-local-100/continuations/case_092.txt	/tmp/qwen38-bf16-local-100/responses/case_092.json
case_093	/tmp/qwen38-bf16-local-100/prompts/case_093.txt	/tmp/qwen38-bf16-local-100/continuations/case_093.txt	/tmp/qwen38-bf16-local-100/responses/case_093.json
case_094	/tmp/qwen38-bf16-local-100/prompts/case_094.txt	/tmp/qwen38-bf16-local-100/continuations/case_094.txt	/tmp/qwen38-bf16-local-100/responses/case_094.json
case_095	/tmp/qwen38-bf16-local-100/prompts/case_095.txt	/tmp/qwen38-bf16-local-100/continuations/case_095.txt	/tmp/qwen38-bf16-local-100/responses/case_095.json
case_096	/tmp/qwen38-bf16-local-100/prompts/case_096.txt	/tmp/qwen38-bf16-local-100/continuations/case_096.txt	/tmp/qwen38-bf16-local-100/responses/case_096.json
case_097	/tmp/qwen38-bf16-local-100/prompts/case_097.txt	/tmp/qwen38-bf16-local-100/continuations/case_097.txt	/tmp/qwen38-bf16-local-100/responses/case_097.json
case_098	/tmp/qwen38-bf16-local-100/prompts/case_098.txt	/tmp/qwen38-bf16-local-100/continuations/case_098.txt	/tmp/qwen38-bf16-local-100/responses/case_098.json
case_099	/tmp/qwen38-bf16-local-100/prompts/case_099.txt	/tmp/qwen38-bf16-local-100/continuations/case_099.txt	/tmp/qwen38-bf16-local-100/responses/case_099.json
